Country ,Region,"GDP, PPP (constant 2011 international $) [NY.GDP.MKTP.PP.KD]","Population, total","GDP per capita, PPP (constant 2011 international $)(NY.GDP.PCAP.PP.KD)",Research and development expenditure (% of GDP),Scientific and technical journal articles,"Patent applications, nonresidents","Patent applications, resident",Researchers in R&D (per million people),Is there a government science funding entity?,Description of how science is funded,Name of science funding agency 1 ,Link 1,Name of Science Funding Agency 2,Link 2,Science Academy,Academy Link,Name of S&T MOU or Bilateral agreement(s),Dates of most recent CDCS,Development Objectives from CDCS,,,,Research priorities described in CDCs (list),Research priority 2,"2016 Planned Economic Development Funding, Agriculture, USAID and Department of State (USD)","2016 Planned Economic Development Funding, Other sectors, USAID and Department of State (USD)","2016 Planned Education and Social Services Funding, Higher Education, USAID and Department of State (USD)","2016 Planned Education and Social Services Funding, Basic Education, USAID and Department of State (USD)","2016 Planned Education and Social Services Funding, Social Assistance, USAID and Department of State (USD)","2016 Planned Education and Social Services Funding, General, USAID and Department of State (USD)","2016 Planned Education and Social Services Funding, Policies, Regulations, and Systems, USAID and Department of State (USD)","2016 Planned Education and Social Services Funding, Social Services, USAID and Department of State (USD)","2016 Planned Environment Funding, USAID and Department of State (USD)","2016 Planned Humanitarian Assistance Funding, Disaster Readiness, USAID and Department of State (USD)","2016 Planned Humanitarian Assistance Funding, Other, USAID and Department of State (USD)","2016 Planned Health Funding, HIV/AIDS, USAID and Department of State (USD)","2016 Planned Health Funding, Malaria, USAID and Department of State (USD)","2016 Planned Health Funding, Tuberculosis, USAID and Department of State (USD)","2016 Planned Health Funding, Pandemic Influenza and other emerging threats, USAID and Department of State (USD)","2016 Planned Health Funding, Other public health threats, USAID and Department of State (USD)","2016 Planned Health Funding, Maternal and Child Health, USAID and Department of State (USD)","2016 Planned Health Funding, Family Planning and Reproductive Health, USAID and Department of State (USD)","2016 Planned Health Funding, Water Supply and Sanitation, USAID and Department of State (USD)","2016 Planned Health Funding, Nutrition, USAID and Department of State (USD)",Peace and Security,"Democracy, Human Rights, and Government",Program Management,Multi-Sector,"2016 Planned Funding, All Other Categories, USAID and Department of State (USD)","2016 Planned Funding, Total, USAID and Department of State (USD)","2015 Planned Economic Development Funding, Agriculture, USAID and Department of State (USD)","2015 Planned Economic Development Funding, Other sectors, USAID and Department of State (USD)","2015 Planned Education and Social Services Funding, Higher Education, USAID and Department of State (USD)","2015 Planned Education and Social Services Funding, Basic Education, USAID and Department of State (USD)","2015 Planned Education and Social Services Funding, Social Assistance, USAID and Department of State (USD)","2015 Planned Education and Social Services Funding, General, USAID and Department of State (USD)","2015 Planned Education and Social Services Funding, Policies, Regulations, and Systems, USAID and Department of State (USD)","2015 Planned Education and Social Services Funding, Social Services, USAID and Department of State (USD)","2015 Planned Environment Funding, USAID and Department of State (USD)","2015 Planned Humanitarian Assistance Funding, Disaster Readiness, USAID and Department of State (USD)","2015 Planned Humanitarian Assistance Funding, Other, USAID and Department of State (USD)","2015 Planned Health Funding, HIV/AIDS, USAID and Department of State (USD)","2015 Planned Health Funding, Malaria, USAID and Department of State (USD)","201 Planned Health Funding, Tuberculosis, USAID and Department of State (USD)","2015 Planned Health Funding, Pandemic Influenza and other emerging threats, USAID and Department of State (USD)","2015 Planned Health Funding, Other public health threats, USAID and Department of State (USD)","2015 Planned Health Funding, Maternal and Child Health, USAID and Department of State (USD)","2015 Planned Health Funding, Family Planning and Reproductive Health, USAID and Department of State (USD)","2015 Planned Health Funding, Water Supply and Sanitation, USAID and Department of State (USD)","2015 Planned Health Funding, Nutrition, USAID and Department of State (USD)",Peace and Security,"Democracy, Human Rights, and Government",Program Management,Multi-Sector,"2015 Planned Funding, All Other Categories, USAID and Department of State (USD)","2015 Planned Funding, Total, USAID and Department of State (USD)",Data Year,Educational Attainment of the Population Aged 25 and Older/Lastest Year Available - Bachelor's (%) MF,Educational Attainment of the Population Aged 25 and Older/Lastest Year Available - Bachelor's (%) M,Educational Attainment of the Population Aged 25 and Older/Lastest Year Available - Bachelor's (%) F,Educational Attainment of the Population Aged 25 and Older/Lastest Year Available - Master's (%) MF,Educational Attainment of the Population Aged 25 and Older/Lastest Year Available - Master's (%) M,Educational Attainment of the Population Aged 25 and Older/Lastest Year Available - Master's (%) F,Educational Attainment of the Population Aged 25 and Older/Lastest Year Available - Doctoral or Equivalent (%) MF,Educational Attainment of the Population Aged 25 and Older/Lastest Year Available - Doctoral or Equivalent (%) M,Educational Attainment of the Population Aged 25 and Older/Lastest Year Available - Doctoral or Equivalent (%) F,Methodological Notes - Education Breakdown Data,"Quality of scientific research institutions, 1-7 (best)","Company spending on R&D, 1-7 (best)","University-industry collaboration in R&D, 1-7 (best)","Availability of scientists and engineers, 1-7 (best)","Quality of primary education, 1-7 (best)","Quality of the education system, 1-7 (best)","Quality of math and science education, 1-7 (best)"
Afghanistan,Asia,"58,321,801,153.00",3.25E+07,"1,844.02",,26.5,,,,,,?,,,,Academy of Sciences of Afghanistan (ASA),http://www.interacademies.net/Academies/ByRegion/MiddleEastCentralAsia/Afghanistan.aspx,,-,Good governance,Infrastructure,agriculture,rule of law/human rights,,,"66,000,000.00","179,000,000.00","50,000,000.00","90,000,000.00",0.00,0.00,0.00,"15,000,000.00","6,000,000.00",0.00,0.00,"200,000.00",0.00,"4,000,000.00",0.00,"2,100,000.00","51,600,000.00","11,000,000.00","15,000,000.00","28,000,000.00","204,155,000.00","792,000,000.00",0.00,0.00,"996,155,000.00","1,514,055,000.00","43,370,000.00","118,957,000.00","39,643,000.00","50,000,000.00",0.00,0.00,0.00,0.00,"2,630,000.00",0.00,0.00,"211,000.00",0.00,"6,325,000.00",0.00,"3,755,000.00","67,131,000.00","21,394,000.00","15,000,000.00","21,184,000.00","177,600,000.00","559,550,000.00",0.00,0.00,"737,150,000.00","1,126,750,000.00",,,,,,,,,,,,,,,,,,
Albania,Europe and Eurasia,"29,338,364,890.00",2.90E+06,"10,135.99",0.15,183.6,3,10,157.34364,,,Ministry of Education and Science,www.mash.gov.al,,,Albanian Academy of Sciences,http://www.akad.gov.al/,,2011-2015,Strengthened rule of law and improved governance,"Conditions for broad-based, sustainable, and inclusive economic growth",,,Legal,Economic,0.00,0.00,0.00,0.00,0.00,0.00,0.00,0.00,0.00,0.00,0.00,0.00,0.00,0.00,0.00,0.00,0.00,0.00,0.00,0.00,"6,920,000.00","7,200,000.00",0.00,0.00,"14,120,000.00","14,120,000.00",0.00,"20,000.00",0.00,0.00,0.00,0.00,0.00,0.00,0.00,0.00,0.00,0.00,0.00,0.00,0.00,0.00,0.00,0.00,0.00,0.00,"6,920,000.00","7,156,000.00",0.00,0.00,"14,076,000.00","14,096,000.00",2012,0.06,0.06,0.05,0.122,0.128,0.118,0.01,0.01,0.01,,2.281148038,2.853566725,2.339356763,3.238877987,4.821790304,4.50236523,4.817680807
Angola,Africa,"152,477,000,000.00",2.50E+07,"6,949.02",,22.6,,,52.41019,,,,,,,,,,2014-2017,Health Status and Wellbeing of the Population Improved,Responsiveness to Citizens’ Needs Strengthened,,,"Gender-based violence, civic society",,0.00,0.00,0.00,0.00,0.00,0.00,0.00,0.00,0.00,0.00,0.00,"17,299,000.00","24,000,000.00",0.00,0.00,0.00,0.00,"4,000,000.00",0.00,0.00,"5,150,000.00",0.00,0.00,0.00,"5,150,000.00","50,449,000.00",0.00,0.00,0.00,0.00,0.00,0.00,0.00,0.00,0.00,0.00,0.00,"17,299,000.00","28,000,000.00",0.00,0.00,0.00,"1,000,000.00","4,000,000.00",0.00,0.00,"5,750,000.00",0.00,0.00,0.00,"5,750,000.00","56,049,000.00",,,,,,,,,,,,,,,,,,
Armenia,Europe and Eurasia,"23,143,461,511.00",3.02E+06,"7,698.69",0.23686,558.5,2,121,,,,Armenian National Science and Education Fund,www.ansef.org,,,National Academy of Sciences of Armenia,http://www.sci.am/,Agreement on science and technology cooperation.,2013-2017,,,,,Energy,Agriculture,0.00,"7,400,000.00",0.00,0.00,0.00,0.00,"732,000.00","400,000.00",0.00,0.00,0.00,0.00,0.00,0.00,0.00,0.00,0.00,0.00,0.00,0.00,"6,998,000.00","7,570,000.00",0.00,0.00,"14,568,000.00","23,100,000.00",0.00,"4,080,000.00",0.00,0.00,0.00,0.00,"600,000.00","460,000.00",0.00,0.00,0.00,0.00,0.00,0.00,0.00,0.00,0.00,0.00,0.00,0.00,"6,096,000.00","5,286,000.00",0.00,0.00,"11,382,000.00","16,522,000.00",2011,,,,24.1,24.4,23.9,0.3,0.4,0.2,Masters and Bachelor degree completion is not disaggregated,3.15561118,2.82024642,3.051862476,4.112068808,3.880847688,3.450950476,4.427553762
Azerbaijan,Europe and Eurasia,"159,380,000,000.00",9.65E+06,"16,715.11",0.21141,481.8,12,168,,,,Science Development Foundation,http://sdf.gov.az,,,,,,2011-2016,More inclusive/sustainable economic growth,"More participatory, effective, and accountable governance",Increrased access to quality health care and targeted social assistance throught strengthened practices and systems,,"Economic, legal",,0.00,"3,008,000.00",0.00,0.00,0.00,0.00,0.00,0.00,0.00,0.00,0.00,0.00,0.00,0.00,0.00,0.00,0.00,0.00,0.00,0.00,"3,061,000.00","5,439,000.00",0.00,0.00,"8,500,000.00","11,508,000.00",0.00,"2,571,000.00",0.00,0.00,0.00,0.00,0.00,0.00,0.00,0.00,0.00,0.00,0.00,0.00,0.00,0.00,0.00,0.00,0.00,0.00,"3,723,000.00","3,793,000.00",0.00,0.00,"7,516,000.00","10,087,000.00",2014,,,,15.7,19,12.6,-,-,-,- : Magnitude nil or negligible,3.42864305,3.184202766,3.157114771,4.167672021,3.124658802,3.089141354,3.330865749
Bangladesh,Asia,"473,919,000,000.00",1.61E+08,"2,979.17",,1970.6,249,44,,Yes,,University Grants Commission of Bangladesh,,,,Bangladesh Academy of Sciences (BAS),http://www.bas.org.bd/,"Agreement on science and technology cooperation, with annexes.",2011-2016,Citizen confidence in governance increased,food security improved,health status improved,increased response to climate change,Agricultural,,"68,000,000.00","3,500,000.00",0.00,"2,000,000.00",0.00,0.00,0.00,0.00,"17,000,000.00","4,523,000.00","6,000,000.00",0.00,0.00,"9,000,000.00",0.00,0.00,"30,000,000.00","25,000,000.00",0.00,"15,200,000.00","9,260,000.00","19,400,000.00",0.00,0.00,"28,660,000.00","208,883,000.00","56,000,000.00",0.00,0.00,"2,000,000.00","1,000,000.00",0.00,0.00,0.00,"17,500,000.00","5,300,000.00",0.00,0.00,0.00,"13,500,000.00",0.00,0.00,"30,000,000.00","27,000,000.00","2,000,000.00","27,000,000.00","8,750,000.00","9,050,000.00",0.00,0.00,"17,800,000.00","199,100,000.00",2001,4.2,4.9,3.5,,,,,,,Levels of tertiary education not disaggreated,2.747095033,2.512428712,2.557372622,3.796548991,2.989791742,3.363782738,3.303488107
Benin,Africa,"20,527,411,065.00",1.09E+07,"1,936.83",,187.1,,,,,,Seems like they get a lot from Nigeria/donors,,,,Benin National Academy of Sciences,http://ansalb.org/,,-,"No active CDCS, but funding for family planning, maternal/child health, Malaria, stability and security",,,,Agriculture,,0.00,0.00,0.00,0.00,0.00,0.00,0.00,0.00,0.00,0.00,0.00,0.00,"17,000,000.00",0.00,0.00,0.00,"3,500,000.00","3,000,000.00",0.00,0.00,"230,000.00",0.00,0.00,0.00,"230,000.00","23,730,000.00",0.00,0.00,0.00,0.00,0.00,0.00,0.00,0.00,0.00,0.00,0.00,0.00,"16,500,000.00",0.00,0.00,0.00,"3,600,000.00","3,000,000.00",0.00,0.00,"230,000.00",0.00,0.00,0.00,"230,000.00","23,330,000.00",2002,2.2,3.8,0.8,,,,,,,Levels of tertiary education not disaggreated,3.692307711,3.313432932,2.67654288,3.734375,2.784615278,2.393939495,3.200000048
Bosnia and Herzegovina,Europe and Eurasia,"37,024,696,065.00",3.81E+06,"9,698.54",0.32721,437.3,2,41,216.68441,,,Federal Ministry of Education and Science,http://www.fmon.gov.ba/,Ministry of Science and Technology,http://www.vladars.net/eng/Pages/default.aspx,Academy of Sciences and Arts of Bosnia and Herzegovina (ANUBiH),http://www.anubih.ba/,,2012-2016,More functional and accountable institutions and actors that meet citizens' needs,"Competitive, market-oriented economy providing better economic opportunities for all citizens",,,Policy/economic,,0.00,"8,900,000.00",0.00,0.00,0.00,0.00,0.00,0.00,0.00,0.00,0.00,0.00,0.00,0.00,0.00,0.00,0.00,0.00,0.00,0.00,"14,239,000.00","14,081,000.00",0.00,0.00,"28,320,000.00","37,220,000.00",0.00,"6,938,000.00",0.00,0.00,0.00,0.00,0.00,0.00,0.00,0.00,0.00,0.00,0.00,0.00,0.00,0.00,0.00,0.00,0.00,0.00,"13,689,000.00","11,568,000.00",0.00,0.00,"25,257,000.00","32,195,000.00",2014,7.3,7.9,6.7,,,,0.6,0.5,0.6,Masters and Doctoral percentages are not disaggregated,3.115384579,2.524271727,4.317173,3.086538553,3.718446493,2.355769157,3.59803915
Brazil,Latin America,"3,124,640,000,000.00",2.08E+08,"15,162.42",1.15,48622.2,25683,4659,698.10212,,,"Ministry of Science. Technology, Innovation and Communications",http://www.mcti.gov.br/,CNPq (Brazilian National Council for Scientific and Technological Development),http://cnpq.br/,Brazilian Academy of Sciences,http://www.abc.org.br/rubrique.php3?id_rubrique=1&recalcul=oui,Memorandum of understanding concerning scientific and technical cooperation in the earth sciences with annexes.,-,,,,,,,0.00,0.00,0.00,0.00,0.00,0.00,0.00,0.00,0.00,0.00,0.00,"500,000.00",0.00,0.00,0.00,0.00,0.00,0.00,0.00,0.00,"865,000.00",0.00,0.00,0.00,"865,000.00","1,365,000.00",0.00,0.00,0.00,0.00,0.00,0.00,0.00,0.00,"10,500,000.00",0.00,0.00,"300,000.00",0.00,0.00,0.00,0.00,0.00,0.00,0.00,0.00,"865,000.00",0.00,0.00,0.00,"865,000.00","11,665,000.00",2013,12.6,11.1,14,,,,,,,Levels of tertiary education not disaggreated,3.578263477,3.286111935,3.799056978,3.254098999,2.435381691,2.442969032,2.500546032
Cambodia,Asia,"47,710,823,823.00",1.56E+07,"3,112.63",,84,65,2,,,,All donor. Country's science agencies do some pseudo-science,,,,,,,2013-2017,"Strengthened Democracy and Government Accountability, and Enhanced Respect for Human Rights",Increased capability of civil society to engage in political processes,Improved political competitiveness and electoral accountability,,"Pharma (not USAID-funded), agriculture, environment/deforestation",,"8,000,000.00",0.00,0.00,"2,000,000.00",0.00,0.00,0.00,0.00,"9,000,000.00",0.00,0.00,"14,122,000.00","4,500,000.00","5,000,000.00",0.00,0.00,"5,500,000.00","5,000,000.00",0.00,"1,500,000.00","6,140,000.00","19,750,000.00",0.00,0.00,"25,890,000.00","80,512,000.00","8,000,000.00",0.00,0.00,"3,000,000.00",0.00,0.00,0.00,0.00,"10,000,000.00",0.00,0.00,"13,122,000.00","4,500,000.00","6,500,000.00",0.00,0.00,"6,000,000.00","5,000,000.00",0.00,"1,500,000.00","6,190,000.00","13,750,000.00",0.00,0.00,"19,940,000.00","77,562,000.00",,,,,,,,,,,,2.817182695,2.98240554,2.977209996,3.05409521,2.924914995,3.157636259,3.153901973
China,Asia,"17,188,700,000,000.00",1.37E+09,"12,599.18",2.01,401434.5,127042,801135,1089.19205,,,,,,,"Academia Sinica, Chinese Academy of Sciences","http://www.sinica.edu.tw/, http://english.cas.cn/",,,,,,,,,0.00,"2,000,000.00",0.00,0.00,0.00,0.00,0.00,"1,000,000.00","1,500,000.00",0.00,0.00,"1,500,000.00",0.00,0.00,0.00,0.00,0.00,0.00,0.00,0.00,0.00,"800,000.00",0.00,0.00,"800,000.00","6,800,000.00",0.00,"3,000,000.00",0.00,0.00,0.00,0.00,0.00,"2,900,000.00","2,000,000.00",0.00,0.00,"1,500,000.00",0.00,0.00,0.00,0.00,0.00,0.00,0.00,0.00,0.00,"4,325,000.00",0.00,0.00,"4,325,000.00","13,725,000.00",2010,3.2,3.7,2.7,0.4,0.4,0.3,,,,Masters and Doctorate not disaggregated,4.240716504,4.212695468,4.401438568,4.473794989,4.235698483,3.918092137,4.415649693
Colombia,Latin America,"609,006,000,000.00",4.82E+07,"12,743.02",0.22641,4455.9,1898,260,164.28984,,,,,,,"Colombian Academy of Exact, Physical and Natural Sciences",http://www.accefyn.org.co/,Memorandum of understanding concerning scientific and technical cooperation in the earth sciences with annexes.,2014-2018,Effective presence of democratic institutions and processes in targeted areas,"Reconciliation advanced among victims, excombatants and other citizens",Improved conditions for inclusive rural economic growth,Environmental resiliency and low-emissions development strengthened,,,0.00,0.00,0.00,0.00,0.00,0.00,"11,850,000.00","9,571,000.00","20,500,000.00",0.00,0.00,0.00,0.00,0.00,0.00,0.00,0.00,0.00,0.00,0.00,"211,700,000.00","35,105,000.00",0.00,0.00,"246,805,000.00","288,726,000.00",0.00,0.00,0.00,0.00,"7,000,000.00",0.00,"8,485,000.00","9,571,000.00","21,050,000.00",0.00,0.00,0.00,0.00,0.00,0.00,0.00,0.00,0.00,0.00,0.00,"217,547,000.00","37,292,000.00",0.00,0.00,"254,839,000.00","300,945,000.00",2014,7.2,7,7.5,3.3,3.3,3.3,,,,Masters and Doctorate not disaggregated,3.679370701,2.935625005,3.92618192,3.772529125,3.159483421,3.144919264,3.059635532
Dominican Republic,Latin America,"131,661,000,000.00",1.05E+07,"12,652.52",,39.1,245,13,,,,,,,,Academia de Ciencias de la República Dominicana,http://www.academiadecienciasrd.org/,,2014-2018,Crime prevention strengthened,Increased resilience of people to the impact of climate change,AIDS-free generation advanced,,Developmental issues,,0.00,0.00,0.00,"3,696,000.00",0.00,0.00,0.00,"800,000.00","3,000,000.00",0.00,0.00,"15,113,000.00",0.00,0.00,0.00,0.00,0.00,0.00,0.00,0.00,"600,000.00","1,200,000.00",0.00,0.00,"1,800,000.00","24,409,000.00",0.00,0.00,0.00,"4,000,000.00",0.00,0.00,0.00,0.00,"3,000,000.00",0.00,0.00,"15,113,000.00",0.00,0.00,0.00,0.00,0.00,0.00,0.00,0.00,"765,000.00",0.00,0.00,0.00,"765,000.00","22,878,000.00",2014,11.8,9.8,13.6,,,,,,,Levels of tertiary education not disaggreated,2.894037559,2.639371476,3.254209155,3.34165469,2.562635077,2.648733352,2.212834467
Egypt,Middle East,"900,148,000,000.00",9.15E+07,"10,048.57",0.67798,9199.2,1384,752,543.88625,,,,,,,Academy of Scientific Research and Technology (ASRT),http://www.asrt.sci.eg/,Agreement of scientific and technology cooperation with annexes.,-,,,,,,,"5,000,000.00","85,000,000.00","35,000,000.00","13,000,000.00","2,000,000.00",0.00,0.00,0.00,0.00,0.00,0.00,0.00,0.00,0.00,0.00,"2,500,000.00","2,000,000.00",0.00,0.00,"500,000.00","1,305,300,000.00","6,000,000.00",0.00,0.00,"1,311,300,000.00","1,456,300,000.00","5,000,000.00","82,320,000.00","43,680,000.00","13,000,000.00",0.00,0.00,0.00,0.00,0.00,0.00,0.00,0.00,0.00,0.00,0.00,0.00,0.00,0.00,0.00,0.00,"1,305,400,000.00","6,400,000.00",0.00,0.00,"1,311,800,000.00","1,455,800,000.00",,,,,,,,,,,,2.601121289,2.369223329,2.426698061,4.300764831,2.128913091,2.135098767,2.557214039
El Salvador,Latin America,"48,661,009,565.00",6.13E+06,"7,967.15",0.03,35.4,187,,,,,,,,,,,,2013-2017,Improve citizen security and rule of law,Expand economic growth opportunities in tradeables,,,Tradeables (e.g. expanding out of agriculture),,0.00,"43,545,000.00","4,350,000.00","5,000,000.00",0.00,0.00,0.00,0.00,"7,000,000.00",0.00,0.00,0.00,0.00,0.00,0.00,0.00,0.00,0.00,0.00,0.00,"2,700,000.00","56,627,000.00",0.00,0.00,"59,327,000.00","119,222,000.00",0.00,"20,941,000.00","4,000,000.00","5,718,000.00",0.00,0.00,0.00,0.00,0.00,0.00,0.00,0.00,0.00,0.00,0.00,0.00,0.00,0.00,0.00,0.00,"2,600,000.00","13,341,000.00",0.00,0.00,"15,941,000.00","46,600,000.00",2013,5.8,6.4,5.3,0.2,0.2,0.2,0,0,0,,3.08826331,3.129719941,3.810240451,3.133567254,2.842448477,2.864735073,3.032792971
Ethiopia,Africa,"138,729,000,000.00",9.94E+07,"1,430.80",0.60631,801.7,25,12,45.12264,,,Ministry of Science and Technology,http://www.most.gov.et/,Seems like mostly donor funding and like the government actually does the research,,Ethiopian Academy of Sciences,http://www.eas-et.org/new/,Memorandum of understanding concerning scientific and technical cooperation in the earth sciences with annexes.,2011-2015,Increased economic growth with resiliency in rural areas,Increased utilization of quality health services,Improved learning outcomes,,,,"50,000,000.00",0.00,"1,000,000.00","18,000,000.00",0.00,0.00,0.00,0.00,"8,000,000.00",0.00,0.00,"187,213,000.00","40,000,000.00","12,000,000.00",0.00,0.00,"39,000,000.00","33,700,000.00","3,200,000.00","8,500,000.00","1,270,000.00","2,000,000.00",0.00,0.00,"3,270,000.00","403,883,000.00","50,000,000.00",0.00,"1,000,000.00","24,401,000.00",0.00,0.00,0.00,0.00,"7,000,000.00",0.00,"95,000,000.00","172,213,000.00","44,000,000.00","13,000,000.00",0.00,0.00,"39,315,000.00","31,550,000.00","14,922,000.00","9,500,000.00","1,270,000.00","1,250,000.00",0.00,0.00,"2,520,000.00","504,421,000.00",2011,1.1,1.9,0.4,,,,,,,Levels of tertiary education not disaggreated,3.58531371,3.498037459,3.457317066,3.815724818,3.421231548,3.680960895,3.729016181
France,Europe and Eurasia,"2,463,850,000,000.00",6.65E+07,"37,208.46",2.23,72554.5,2033,14500,4153.48377,,,,,,,"Académie des Sciences, Institut de France",http://www.academie-sciences.fr/fr/,,,,,,,,,0.00,0.00,0.00,0.00,0.00,0.00,0.00,0.00,0.00,0.00,0.00,0.00,0.00,0.00,0.00,0.00,0.00,0.00,0.00,0.00,0.00,0.00,0.00,0.00,0.00,0.00,0.00,0.00,0.00,0.00,0.00,0.00,0.00,0.00,0.00,0.00,0.00,0.00,0.00,0.00,0.00,0.00,0.00,0.00,0.00,0.00,0.00,0.00,0.00,0.00,0.00,0.00,2014,8,7,8.9,7.6,9.2,6.2,0.7,1,0.5,,5.637704394,4.904316919,4.583268311,4.907778496,4.872815517,4.501648401,5.117665739
Georgia,Europe and Eurasia,"32,579,852,850.00",3.72E+06,"8,741.58",0.16168,468.4,187,110,585.41073,,,Georgian Research and Development Foundation,grdf.ge/english,,,Georgian National Academy of Sciences (GNAS),http://science.org.ge/new/,"Memorandum of understanding concerning scientific and technical cooperation in the earth sciences, with annexes.",2013-2017,"Democratic checks and balances, accountable governance",Inclusive/sustainable economic growth,"Stable, integrated, healthy society",,"Legal/political, gender, PEER programs(?)",,"3,000,000.00","18,252,000.00",0.00,0.00,0.00,0.00,0.00,"200,000.00","1,900,000.00",0.00,0.00,0.00,0.00,0.00,0.00,0.00,0.00,0.00,0.00,0.00,"32,550,000.00","21,250,000.00",0.00,0.00,"53,800,000.00","77,152,000.00","3,000,000.00","9,808,000.00",0.00,"1,098,000.00",0.00,0.00,0.00,"200,000.00","3,081,000.00",0.00,0.00,0.00,0.00,0.00,0.00,0.00,0.00,0.00,0.00,0.00,"37,750,000.00","20,529,000.00",0.00,0.00,"58,279,000.00","75,466,000.00",2014,3.4,3.4,3.5,27.1,27,27.2,0.3,0.4,0.2,,2.845066155,2.465104096,2.636884624,3.299590013,3.436223379,3.149640946,3.479166746
Ghana,Africa,"104,307,000,000.00",2.74E+07,"3,894.00",0.38,583.3,,,38.67959,,,,,,,Ghana Academy of Arts and Sciences,http://www.gaas-gh.org/,"Agreement concerning cooperation in medical research, with annex.",2013-2017,"Strengthened responsive, democratic governance","Sustainable, broadly-shared economic growth",Equitable improvements in health status,Improved reading in primary school,"Health, trade, agriculture",,"40,000,000.00","5,000,000.00",0.00,"16,171,000.00",0.00,0.00,0.00,0.00,"3,497,000.00",0.00,0.00,"12,297,000.00","28,000,000.00",0.00,0.00,0.00,"8,000,000.00","13,000,000.00","3,412,000.00","7,000,000.00","970,000.00","9,000,000.00",0.00,0.00,"9,970,000.00","146,347,000.00","45,000,000.00","4,000,000.00",0.00,"5,000,000.00",0.00,0.00,0.00,0.00,"3,850,000.00",0.00,0.00,"12,297,000.00","28,000,000.00",0.00,0.00,0.00,"8,000,000.00","15,000,000.00","8,000,000.00","7,000,000.00","1,150,000.00","3,000,000.00",0.00,0.00,"4,150,000.00","140,297,000.00",2010,3.1,4.7,1.7,,,,,,,Levels of tertiary education not disaggreated,3.621207135,3.564389304,3.457420838,3.629702625,3.242945667,3.572076465,4.030031941
Guatemala,Latin America,"113,895,000,000.00",1.63E+07,"7,111.55",0.04,80.5,288,10,,,,,,,," Academia de Ciencias Medicas, Físicas y Naturales de Guatemala",http://www.academiacienciasguatemala.com/,,2012-2016,Greater security and justice for citizens,Improve levels of economic growth,Iprove management of natural resources to mitigate impacts of climate change,,Agriculture/natural resources,,"20,000,000.00","74,030,000.00","2,500,000.00","9,000,000.00",0.00,0.00,0.00,0.00,"15,700,000.00",0.00,0.00,0.00,0.00,0.00,0.00,0.00,"3,000,000.00","6,500,000.00","14,000,000.00","9,500,000.00","4,000,000.00","67,370,000.00",0.00,0.00,"71,370,000.00","225,600,000.00","19,800,000.00","25,600,000.00","2,500,000.00","9,000,000.00",0.00,0.00,0.00,0.00,"12,500,000.00",0.00,0.00,0.00,0.00,0.00,0.00,0.00,"3,000,000.00","6,500,000.00",0.00,"8,700,000.00","3,770,000.00","22,787,000.00",0.00,0.00,"26,557,000.00","114,157,000.00",2014,6.5,7.9,5.1,0.3,0.4,0.3,0,0.1,-,- : Magnitude nil or negligible,3.280572026,3.219600524,3.617729062,3.674618581,2.488583945,2.711470885,2.362990747
Guinea,Africa,"14,302,582,558.00",1.26E+07,"1,165.13",,11.5,,,,,,,,,,,,,2015-2019,Utilization of quality health services,Improve democratic governance and economic processes,,,Agriculture,,"6,000,000.00",0.00,0.00,0.00,0.00,0.00,0.00,0.00,0.00,0.00,0.00,0.00,"12,000,000.00",0.00,0.00,0.00,"2,500,000.00","3,000,000.00",0.00,0.00,"240,000.00",0.00,0.00,0.00,"240,000.00","23,740,000.00","6,000,000.00",0.00,0.00,0.00,0.00,0.00,0.00,0.00,0.00,0.00,0.00,0.00,"12,500,000.00",0.00,0.00,0.00,"2,350,000.00","3,000,000.00",0.00,0.00,"240,000.00",0.00,0.00,0.00,"240,000.00","24,090,000.00",,,,,,,,,,,,2.331598273,2.006672935,2.183335043,2.895658193,2.280255662,2.425785148,3.092905927
Guyana,Latin America,"5,066,298,509.00",7.67E+05,"6,657.13",,10.7,20,,,,,,,,,,,Memorandum of understanding concerning scientific and technical cooperation in the earth and mapping sciences with annexes.,-,,,,,,,0.00,0.00,0.00,0.00,0.00,0.00,0.00,0.00,0.00,0.00,0.00,"6,636,000.00",0.00,0.00,0.00,0.00,0.00,0.00,0.00,0.00,"250,000.00",0.00,0.00,0.00,"250,000.00","6,886,000.00",0.00,0.00,0.00,0.00,0.00,0.00,0.00,0.00,0.00,0.00,0.00,"6,636,000.00",0.00,0.00,0.00,0.00,0.00,0.00,0.00,0.00,"300,000.00",0.00,0.00,0.00,"300,000.00","6,936,000.00",2002,0.2,0.3,0.1,,,,,,,Levels of tertiary education not disaggreated,3.515062285,3.613787992,3.75698037,3.765384985,4.605321522,3.854140644,4.104694318
Haiti,Latin America,"17,466,828,209.00",1.07E+07,"1,652.17",,27.8,19,2,,,,,,,,,,,,,,,,,,"10,000,000.00","36,000,000.00",0.00,"10,000,000.00",0.00,0.00,0.00,0.00,"14,000,000.00","1,500,000.00","4,000,000.00","104,013,000.00",0.00,0.00,0.00,0.00,"14,000,000.00","9,000,000.00",0.00,"10,200,000.00","7,455,000.00","21,500,000.00",0.00,0.00,"28,955,000.00","241,668,000.00","10,000,000.00","53,250,000.00",0.00,"15,700,000.00",0.00,0.00,0.00,0.00,"2,500,000.00","1,500,000.00","1,000,000.00","104,013,000.00",0.00,0.00,0.00,0.00,"14,000,000.00","9,000,000.00",0.00,"10,200,000.00","7,100,000.00","16,050,000.00",0.00,0.00,"23,150,000.00","244,313,000.00",,,,,,,,,,,,2.197539063,2.175099075,2.291874872,2.608810348,2.861075416,2.399593592,2.834241856
Honduras,Latin America,"37,284,470,613.00",8.08E+06,"4,682.99",0.04,20,..,6,,,,,,,,National Academy of Sciences of Honduras,http://www.interacademies.net/Academies/ByRegion/LatinAmericaCarribbean/Honduras.aspx,"Memorandum of understanding concerning scientific, technical and policy cooperation in the earth and mapping sciences with annexes.",2015-2019,"Citizen security increased for vulnerable populations in urban, high-crime areas",Extreme poverty sustainably reduced for vulnerable populations in western honduras,,,,,"15,000,000.00","62,661,000.00",0.00,"23,000,000.00",0.00,0.00,0.00,0.00,"5,500,000.00",0.00,0.00,0.00,0.00,0.00,0.00,0.00,0.00,0.00,0.00,0.00,"5,250,000.00","51,539,000.00",0.00,0.00,"56,789,000.00","162,950,000.00","17,000,000.00",0.00,0.00,"10,700,000.00",0.00,0.00,0.00,0.00,"8,000,000.00",0.00,0.00,0.00,0.00,0.00,0.00,0.00,0.00,0.00,0.00,0.00,"3,850,000.00","31,626,000.00",0.00,0.00,"35,476,000.00","71,176,000.00",2014,6.3,6.1,6.3,,,,,,,Levels of tertiary education not disaggreated,3.386026646,3.358373845,3.942786515,3.788846017,3.253463707,3.507401782,3.367750523
India,Asia,"7,044,590,000,000.00",1.31E+09,"5,438.62",0.82,93349.4,30814,12040,156.63804,,,"Department of Science and Technology has lots of funding arms. Truly gives $, doesn't just assist in policy or whatever",http://www.serb.gov.in/home.php,"IFCPAR, SERB, see full list",http://www.dst.gov.in/other-dst-sites,Indian National Science Academy (INSA),http://www.insaindia.org/,Agreement on the Indo-U.S. Science and Technology Forum.,2012-2016,Increase the capacity of India’s health system to improve the health of vulnerable populations in India,Accelerate India’s transition to a low emissions economy,Development innovations impact people's lives at the base of the pyramid (BOP) in a range of sectors in India.,Innovations proven in India increasingly adopted in other countries,"Clean energy, seed improvements",,"3,000,000.00","1,837,000.00",0.00,0.00,0.00,0.00,0.00,0.00,"19,500,000.00",0.00,0.00,"20,000,000.00",0.00,"6,000,000.00",0.00,0.00,"11,500,000.00","10,000,000.00","3,200,000.00",0.00,"3,700,000.00",0.00,0.00,0.00,"3,700,000.00","78,737,000.00","3,000,000.00","3,000,000.00",0.00,"5,000,000.00",0.00,0.00,0.00,0.00,"12,340,000.00",0.00,0.00,"23,000,000.00",0.00,"9,500,000.00",0.00,0.00,"14,000,000.00","14,000,000.00","4,729,000.00",0.00,"5,210,000.00",0.00,0.00,0.00,"5,210,000.00","93,779,000.00",,,,,,,,,,,,4.12160725,3.913659582,3.870730559,4.222879239,4.278866692,4.194319513,4.217981652
Indonesia,Asia,"2,553,070,000,000.00",2.58E+08,"10,033.48",0.08489,2927.7,7321,702,89.5267,,,Ministry of Industry,http://www.kemenperin.go.id/,"Ministry of Research, Technology and Higher Education ",http://international.ristekdikti.go.id/,Indonesian Academy of Sciences (AIPI),http://www.aipi.or.id/,Memorandum of understanding on general cooperation in science and technology for natural hazard assessment analysis warning preparedness and mitigation with annexes.,2014-2018,Strengthen democracy,Essential human services for poorest/most vulnerable,Global dev. Priorities of mutual interest,Increase STI achievement,"Health, general STI achievement",,0.00,0.00,"27,100,000.00",0.00,0.00,0.00,0.00,0.00,"36,700,000.00","7,000,000.00",0.00,"10,000,000.00",0.00,"12,000,000.00",0.00,0.00,"20,000,000.00",0.00,"8,100,000.00",0.00,"30,655,000.00","35,820,000.00",0.00,0.00,"66,475,000.00","187,375,000.00",0.00,0.00,"15,108,000.00",0.00,0.00,0.00,0.00,0.00,"29,274,000.00",0.00,0.00,"10,000,000.00",0.00,"13,500,000.00",0.00,0.00,"20,000,000.00",0.00,"9,524,000.00",0.00,"29,665,000.00","12,120,000.00",0.00,0.00,"41,785,000.00","139,191,000.00",2014,7.4,7.5,7.3,0.6,0.7,0.4,,,,Masters and Doctoral percentages are not disaggregated,4.255044442,4.187954664,4.547450129,4.562624298,4.224777313,4.286870359,4.374160821
Jamaica,Latin America,"23,041,891,179.00",2.73E+06,"8,469.56",,176.4,122,33,,,,,,,,,,,2014-2018,Reduce threats to citizens and the environment,,,,,,0.00,0.00,0.00,0.00,0.00,0.00,0.00,0.00,"5,000,000.00",0.00,0.00,0.00,0.00,0.00,0.00,0.00,0.00,0.00,0.00,0.00,"600,000.00",0.00,0.00,0.00,"600,000.00","5,600,000.00",0.00,0.00,0.00,0.00,0.00,0.00,0.00,0.00,"5,000,000.00",0.00,0.00,0.00,0.00,0.00,0.00,0.00,0.00,0.00,0.00,0.00,"600,000.00",0.00,0.00,0.00,"600,000.00","5,600,000.00",2011,6.5,5,8,,,,,,,Levels of tertiary education not disaggreated,4.058763448,3.159829044,3.793708125,3.545081258,4.006236315,3.668641885,3.505539791
Japan,Asia,"4,530,340,000,000.00",1.27E+08,"35,634.97",3.47,103376.6,60030,265959,5201.31659,,,,,,,Science Council of Japan (SCJ),http://www.scj.go.jp/en/,,,,,,,,,0.00,0.00,0.00,0.00,0.00,0.00,0.00,0.00,0.00,0.00,0.00,0.00,0.00,0.00,0.00,0.00,0.00,0.00,0.00,0.00,0.00,0.00,0.00,0.00,0.00,0.00,0.00,0.00,0.00,0.00,0.00,0.00,0.00,0.00,0.00,0.00,0.00,0.00,0.00,0.00,0.00,0.00,0.00,0.00,0.00,0.00,0.00,0.00,0.00,0.00,0.00,0.00,2010,29.9,32.2,27.8,,,,,,,"Levels not disaggregated, - : Magnitude nil or negligible",5.827437696,5.690232409,5.00420599,5.567984966,5.77123941,4.547153707,5.347807217
Jordan,Middle East,"75,955,822,381.00",6.74E+06,"11,496.26",0.43,1504.3,339,40,,,,,,,,Royal Scientific Society of Jordan (RSS),http://www.rss.jo/,Agreement of scientific and technology cooperation with annexes.,2013-2017,"Accelerate broad-based, inclusive economic development",Strengthen democratic accountability,Improve social sector quality,,Improve capacity in higher education,,0.00,"469,350,000.00",0.00,"55,000,000.00",0.00,0.00,0.00,"11,000,000.00","7,250,000.00",0.00,0.00,0.00,0.00,0.00,0.00,0.00,"15,750,000.00","14,250,000.00","17,750,000.00",0.00,"362,650,000.00","47,000,000.00",0.00,0.00,"409,650,000.00","1,000,000,000.00",0.00,"446,000,000.00",0.00,"50,000,000.00",0.00,0.00,0.00,"14,000,000.00","1,500,000.00",0.00,0.00,0.00,0.00,0.00,0.00,0.00,"24,750,000.00","20,250,000.00","23,500,000.00",0.00,"396,000,000.00","35,000,000.00",0.00,0.00,"431,000,000.00","1,011,000,000.00",2010,16.2,19.2,12.9,,,,,,,Levels of tertiary education not disaggreated,3.959839105,3.707410922,3.824351912,4.784348248,4.031823894,4.438957402,4.195284833
Kazakhstan,Asia,"399,619,000,000.00",1.75E+07,"23,113.78",0.17483,879,271,1742,734.05458,,,,,,,National Academy of Sciences of the Republic of Kazakhstan,http://nauka-nanrk.kz/,,-,"Promote a civil society by strengthening private sector, rule of law, independent media, and human rights",Strengthen international and border security to decrease crime,Lower emissions,"Human rights, freedom of religion, and government transparency.",,,0.00,"225,000.00",0.00,0.00,0.00,0.00,0.00,0.00,"2,550,000.00",0.00,0.00,0.00,0.00,0.00,0.00,0.00,0.00,0.00,0.00,0.00,"3,194,000.00","2,544,000.00",0.00,0.00,"5,738,000.00","8,513,000.00",0.00,"490,000.00",0.00,0.00,0.00,0.00,0.00,0.00,"2,500,000.00",0.00,0.00,0.00,0.00,0.00,0.00,0.00,0.00,0.00,0.00,0.00,"4,317,000.00","1,068,000.00",0.00,0.00,"5,385,000.00","8,375,000.00",2007,25.5,23.1,27.9,,,,,,,Levels of tertiary education not disaggreated,3.563265303,3.364063965,3.294391732,3.984525326,4.094795935,3.691832958,4.072684847
Kenya,Africa,"126,437,000,000.00",4.61E+07,"2,818.26",0.79,871.6,75,132,230.7312,,,,,,,Kenya National Academy of Science,www.knascience.org,,2014-2018,Implement devolution,Strengthen health and human capacity,"Inclusive, market-driven, environmentally sustainable economic growth",,"Agriculture, infectious disease",,"42,000,000.00","4,170,000.00","1,251,000.00","9,772,000.00",0.00,0.00,0.00,0.00,"5,961,000.00",0.00,0.00,"456,680,000.00","35,000,000.00","4,000,000.00",0.00,0.00,"12,000,000.00","27,400,000.00","3,961,000.00","3,000,000.00","8,050,000.00","17,095,000.00",0.00,0.00,"25,145,000.00","630,340,000.00","41,500,000.00",0.00,"2,000,000.00","15,000,000.00",0.00,0.00,0.00,0.00,"11,000,000.00",0.00,0.00,"486,680,000.00","35,000,000.00","5,000,000.00",0.00,0.00,"13,700,000.00","26,000,000.00","12,000,000.00","4,000,000.00","9,200,000.00","10,400,000.00",0.00,0.00,"19,600,000.00","671,480,000.00",2009,-,-,-,-,-,-,-,-,-,- : Magnitude nil or negligible,4.188407266,3.839391794,4.21709789,4.151894414,3.710753277,4.32867411,3.948601095
"Korea, Rep.",Asia,"1,695,730,000,000.00",5.06E+07,"33,629.42",4.15,58844.1,46219,164073,6456.62574,,,,,,,"Korean Academy of Science and Technology (KAST), The National Academy of Sciences (KNAS)
","http://www.interacademies.net/Academies/ByRegion/SouthEastAsiaPacific/13433.aspx, http://www.nas.go.kr/",,,,,,,,,0.00,0.00,0.00,0.00,0.00,0.00,0.00,0.00,0.00,0.00,0.00,0.00,0.00,0.00,0.00,0.00,0.00,0.00,0.00,0.00,0.00,0.00,0.00,0.00,0.00,0.00,0.00,0.00,0.00,0.00,0.00,0.00,0.00,0.00,0.00,0.00,0.00,0.00,0.00,0.00,0.00,0.00,0.00,0.00,0.00,0.00,0.00,0.00,0.00,0.00,0.00,0.00,2010,20.8,24.5,17.3,3,3.9,2.1,0.6,0.9,0.3,,4.830999899,4.582636428,4.616121641,4.403210688,4.695499945,3.703000045,4.809722209
Kosovo,Europe and Eurasia,"15,851,609,389.00",1.85E+06,"8,694.63",,124.3,,,,,,"Ministry of Education, Science and Technology","www.kryeministri-ks.net/?page=2,227",,,Kosova Academy of Sciences and Arts,http://www.ashak.org/,,2014-2018,Improved Rule of Law and Governance that Meet Citizens’ Needs,Increased Investment and Private Sector Employment,Enhanced Human Capital,,Policy/economic,,0.00,"15,952,000.00","1,100,000.00",0.00,0.00,0.00,0.00,0.00,0.00,0.00,0.00,0.00,0.00,0.00,0.00,0.00,0.00,0.00,0.00,0.00,"13,670,000.00","19,998,000.00",0.00,0.00,"33,668,000.00","50,720,000.00",0.00,"11,095,000.00","1,000,000.00","2,000,000.00",0.00,0.00,0.00,0.00,0.00,0.00,0.00,0.00,0.00,0.00,0.00,0.00,0.00,0.00,0.00,0.00,"15,070,000.00","15,755,000.00",0.00,0.00,"30,825,000.00","44,920,000.00",,,,,,,,,,,,,,,,,,
Kyrgyz Republic,Asia,"18,491,331,256.00",5.93E+06,"3,168.77",0.16,60.4,7,132,,,,,,,,National Academy of Sciences of the Kyrgyz Republic (NAS KR),http://www.nas.aknet.kg/,,2013-2017,Inclusive and accountable democracy,Improved service delivery and policies,Accelerated growth of diversified and equitable economy,,"Agriculture, energy, trade",,0.00,"22,699,000.00","500,000.00","3,000,000.00",0.00,0.00,0.00,0.00,0.00,0.00,0.00,0.00,0.00,"3,750,000.00",0.00,0.00,0.00,0.00,0.00,0.00,"3,810,000.00","16,632,000.00",0.00,0.00,"20,442,000.00","50,391,000.00",0.00,"11,692,000.00","500,000.00","3,731,000.00",0.00,0.00,0.00,0.00,0.00,0.00,0.00,0.00,0.00,"4,300,000.00",0.00,0.00,0.00,0.00,0.00,0.00,"3,900,000.00","13,185,000.00",0.00,0.00,"17,085,000.00","37,308,000.00",2009,0.8,0.7,0.8,15.4,14.1,16.6,0,0,0,,2.684126673,2.547437201,2.571586062,3.214327369,3.00266794,3.023674205,3.047747337
Lebanon,Middle East,"75,746,199,225.00",4.65E+06,"16,659.33",,1050.3,,,,,,,,,,Lebanese Academy of Sciences,http://asduliban.org/main.html,,2014-2018,"Improved capacity of the public sector in providing transparent, quality services",Enhance inclusive economic growth,,,Increase partnerships,,0.00,"21,655,000.00","10,425,000.00","25,000,000.00",0.00,0.00,0.00,0.00,"2,000,000.00",0.00,0.00,0.00,0.00,0.00,0.00,0.00,0.00,0.00,"30,225,000.00",0.00,"105,029,000.00","16,176,000.00",0.00,0.00,"121,205,000.00","210,510,000.00",0.00,"13,550,000.00","12,000,000.00","16,700,000.00",0.00,0.00,0.00,0.00,0.00,0.00,0.00,0.00,0.00,0.00,0.00,0.00,0.00,0.00,"11,536,000.00",0.00,"103,127,000.00","9,414,000.00",0.00,0.00,"112,541,000.00","166,327,000.00",2007,15.3,16.5,14.2,,,,,,,Levels of tertiary education not disaggreated,3.288138046,2.866500038,2.883308446,4.769232467,5.354542712,4.850717085,5.628471178
Liberia,Africa,"3,533,313,381.00",4.50E+06,803.66,,8.3,,,,,,?,,,,,,,2013-2017,"More Effective, Accountable and Inclusive Governance","Sustained, market‐driven economic growth to reduce poverty.",Improved Health Status of Liberians,,"Strengthen research infrastructure and make partnerships, agriculture, civil society",,"7,000,000.00","13,990,000.00","1,334,000.00","17,559,000.00",0.00,0.00,0.00,0.00,"4,000,000.00",0.00,0.00,"3,500,000.00","12,000,000.00",0.00,0.00,0.00,"8,000,000.00","7,000,000.00","5,070,000.00",0.00,"15,420,000.00","30,500,000.00",0.00,0.00,"45,920,000.00","125,373,000.00","12,000,000.00",0.00,0.00,"24,034,000.00",0.00,0.00,0.00,0.00,"4,000,000.00",0.00,0.00,"3,500,000.00","12,000,000.00",0.00,0.00,0.00,"11,000,000.00","7,000,000.00","13,800,000.00",0.00,"14,510,000.00","2,850,000.00",0.00,0.00,"17,360,000.00","104,694,000.00",,,,,,,,,,,,2.820512772,3.410256386,2.914942843,3.224999905,3.25316453,3.472222328,3.538461447
"Macedonia, FYR",Europe and Eurasia,"25,503,839,695.00",2.08E+06,"12,287.31",0.44099,439.9,4,42,676.42505,,,Ministry of Education and Science,http://www.mon.gov.mk,,,Macedonian Academy of Sciences and Arts,http://www.manu.edu.mk/,"Agreement for scientific and technical cooperation, with annexes.",-,"Strengthen democracy through political processes, justice, civil sociery, ethnic relations, and independent media.",Improve law enforcement and military,"Improve conditions for broad-based, sustainable economic growth",,,,0.00,0.00,0.00,0.00,0.00,0.00,0.00,0.00,0.00,0.00,0.00,0.00,0.00,0.00,0.00,0.00,0.00,0.00,0.00,0.00,"6,020,000.00","5,780,000.00",0.00,0.00,"11,800,000.00","11,800,000.00",0.00,"85,000.00",0.00,0.00,0.00,0.00,0.00,0.00,0.00,0.00,0.00,0.00,0.00,0.00,0.00,0.00,0.00,0.00,0.00,0.00,"6,453,000.00","4,317,000.00",0.00,0.00,"10,770,000.00","10,855,000.00",2002,12.2,13.8,10.7,,,,,,,Levels of tertiary education not disaggreated,3.946566089,3.274999855,3.710734494,3.781918124,4.220360052,3.823765176,4.298733925
Madagascar,Africa,"32,368,312,383.00",2.42E+07,"1,373.18",0.11,113.2,29,5,51.01743,,,,,,,"Madagascar's National Academy of Arts, Letters and Sciences (AcNALS)",http://www.interacademies.net/Academies/ByRegion/Africa/Madagascar.aspx,,-,,,,,,,"4,500,000.00","1,200,000.00",0.00,0.00,"800,000.00",0.00,0.00,0.00,0.00,"4,300,000.00",0.00,0.00,"26,000,000.00",0.00,0.00,0.00,"9,000,000.00","14,000,000.00",0.00,"7,200,000.00","250,000.00","1,668,000.00",0.00,0.00,"1,918,000.00","68,918,000.00","3,500,000.00",0.00,0.00,0.00,0.00,0.00,0.00,0.00,"8,000,000.00","5,000,000.00",0.00,0.00,"26,000,000.00",0.00,0.00,0.00,"9,000,000.00","14,000,000.00","3,500,000.00","5,000,000.00",0.00,"1,200,000.00",0.00,0.00,"1,200,000.00","75,200,000.00",,,,,,,,,,,,3.276069269,2.892038493,3.257391196,4.127411484,2.87730584,2.910748374,3.616163042
Malawi,Africa,"13,086,264,776.00",1.72E+07,783.83,,156.5,,,49.56728,,,,,,,,,,2013-2018,Social development improved,Sustainable livelihoods increased,Exercise citizen rights and responsibilities,,,,"19,500,000.00",0.00,0.00,"7,000,000.00","750,000.00",0.00,0.00,0.00,"6,000,000.00",0.00,0.00,"103,488,000.00","24,000,000.00","1,500,000.00",0.00,0.00,"16,000,000.00","12,700,000.00",0.00,"5,950,000.00","250,000.00","4,675,000.00",0.00,0.00,"4,925,000.00","201,813,000.00","18,900,000.00",0.00,0.00,"14,000,000.00","700,000.00",0.00,0.00,0.00,"9,000,000.00",0.00,0.00,"93,488,000.00","22,000,000.00","1,500,000.00",0.00,0.00,"16,000,000.00","12,700,000.00","4,000,000.00","6,900,000.00","250,000.00","2,000,000.00",0.00,0.00,"2,250,000.00","201,438,000.00",1998,0.5,0.7,0.3,,,,,,,Levels of tertiary education not disaggreated,3.010727262,2.673909738,2.839594861,3.329895098,2.440587052,3.134577886,2.666392355
Mali,Africa,"26,067,890,917.00",1.76E+07,"1,525.69",0.66,64.2,,,29.17463,,,,,,,,,,2016-2020,Increase public trust in government,Improve adaptive capacity of vulnerable communities and households,Advance socio-economic well-being,,General increase in capacity,,"27,000,000.00","3,000,000.00",0.00,"8,941,000.00",0.00,0.00,0.00,0.00,"3,000,000.00",0.00,"1,000,000.00","4,500,000.00","25,000,000.00",0.00,0.00,0.00,"15,650,000.00","11,000,000.00","1,441,000.00","6,200,000.00","3,721,000.00","7,942,000.00",0.00,0.00,"11,663,000.00","118,395,000.00","27,500,000.00","3,000,000.00",0.00,"14,000,000.00",0.00,0.00,0.00,0.00,"3,000,000.00",0.00,"1,000,000.00","4,500,000.00","25,000,000.00",0.00,0.00,0.00,"13,650,000.00","11,000,000.00","7,000,000.00","7,000,000.00","7,780,000.00","2,000,000.00",0.00,0.00,"9,780,000.00","126,430,000.00",2015,1.7,2.7,0.7,,,,,,,Levels of tertiary education not disaggreated,3.666960979,2.986229766,3.199366403,3.844979219,2.841846459,3.060455629,3.19620214
Mexico,Latin America,"2,041,800,000,000.00",1.27E+08,"16,284.15",0.49808,13112.4,14889,1246,383.20822,,,,,,,Academia Mexicana de Ciencias,http://www.amc.unam.mx/,Agreement for scientific and technical cooperation.,2014-2018,Crime and violence prevention models replicated by local stakeholders,Constitutional criminal justice reforms of 2008 are operational,Enabling environment to protect human rights and prevent abuses improved,Greenhouse gas emission reduced in targeted key sectors,"Forest carbon(?), build capacity and partnerships, climate change",,0.00,0.00,0.00,0.00,0.00,0.00,0.00,0.00,"12,500,000.00",0.00,0.00,0.00,0.00,0.00,0.00,0.00,0.00,0.00,0.00,0.00,"51,660,000.00","78,000,000.00",0.00,0.00,"129,660,000.00","142,160,000.00",0.00,0.00,0.00,0.00,0.00,0.00,0.00,0.00,"12,500,000.00",0.00,0.00,0.00,0.00,0.00,0.00,0.00,0.00,0.00,0.00,0.00,"54,410,000.00","98,600,000.00",0.00,0.00,"153,010,000.00","165,510,000.00",2014,12.7,13.7,11.8,1.2,1.3,1,0.1,0.1,0,,4.104854343,3.163491694,3.970989282,4.069768504,2.893868817,2.849211762,2.771740894
Moldova,Europe and Eurasia,"16,905,521,005.00",3.55E+06,"4,753.55",0.35419,226.6,72,67,643.88418,,,?,,,,Academy of Sciences of Moldova,http://www.asm.md/?go=despre&new_language=1,,2013-2017,More Effective and Accountable Democratic Governance,Increased Investment and Trade in Targeted Sectors,,,Policy/economic,,0.00,"21,164,000.00",0.00,0.00,0.00,0.00,0.00,0.00,0.00,0.00,0.00,0.00,0.00,0.00,0.00,0.00,0.00,0.00,0.00,0.00,"16,900,000.00","11,056,000.00",0.00,0.00,"27,956,000.00","49,120,000.00",0.00,"9,021,000.00",0.00,0.00,0.00,0.00,0.00,0.00,0.00,0.00,0.00,0.00,0.00,0.00,0.00,0.00,0.00,0.00,0.00,0.00,"14,530,000.00","7,079,000.00",0.00,0.00,"21,609,000.00","30,630,000.00",2014,19.4,17.4,21.1,0.6,0.5,0.7,0.1,0.1,0.1,,2.729607135,2.29730376,2.7391077,2.923256857,3.859683628,3.204667493,3.914365803
Morocco,Middle East,"246,420,000,000.00",3.44E+07,"7,146.28",0.73,2536.4,742,355,851.90061,,,,,,,Hassan II Academy of Science and Technology,http://www.academie.hassan2.sciences.ma/,,2013-2017,Enhance employability of target youth,Increase civic participation in governance,Enhance primary-level education,,,,0.00,"9,600,000.00","1,900,000.00","2,500,000.00",0.00,0.00,0.00,0.00,0.00,0.00,0.00,0.00,0.00,0.00,0.00,0.00,0.00,0.00,0.00,0.00,"11,600,000.00","6,000,000.00",0.00,0.00,"17,600,000.00","31,600,000.00",0.00,"6,413,000.00","1,911,000.00","4,500,000.00",0.00,0.00,0.00,0.00,0.00,0.00,0.00,0.00,0.00,0.00,0.00,0.00,0.00,0.00,0.00,0.00,"18,372,000.00","7,176,000.00",0.00,0.00,"25,548,000.00","38,372,000.00",,,,,,,,,,,,3.231909926,2.803794132,3.232350275,4.140279579,2.995654527,2.774100883,4.003752891
Mozambique,Africa,"29,323,452,600.00",2.80E+07,"1,077.42",0.42,67.8,22,18,37.51173,,,,,,,Academy of Science of Mozambique,http://www.interacademies.net/Academies/ByRegion/Africa/Mozambique.aspx,,2014-2018,Strengthen democratic governance of institutions,Accelerate resilient broad-based economic growth,Improve education equality,,"Agriculture, partnerships, generally increase research ecosystem",,"22,500,000.00",0.00,0.00,"5,339,000.00",0.00,0.00,0.00,0.00,"5,366,000.00",0.00,0.00,"298,301,000.00","29,000,000.00","5,000,000.00",0.00,0.00,"16,000,000.00","13,000,000.00","1,169,000.00","5,100,000.00","370,000.00","8,000,000.00",0.00,0.00,"8,370,000.00","409,145,000.00","22,500,000.00",0.00,0.00,"14,000,000.00",0.00,0.00,0.00,0.00,"10,000,000.00",0.00,0.00,"334,001,000.00","29,000,000.00","5,000,000.00",0.00,0.00,"15,400,000.00","13,000,000.00","4,000,000.00","6,300,000.00","1,370,000.00","2,000,000.00",0.00,0.00,"3,370,000.00","456,571,000.00",2011,1.7,2.8,1,,,,,,,Levels of tertiary education not disaggreated,3.023386482,2.996445978,3.28245605,3.12499222,2.135826831,2.809026613,2.548859883
Namibia,Africa,"22,821,838,783.00",2.46E+06,"9,497.79",0.14,79.3,,,,,,,,,,,,,-,,,,,,,0.00,0.00,0.00,0.00,0.00,0.00,0.00,0.00,0.00,0.00,0.00,"43,513,000.00",0.00,0.00,0.00,0.00,0.00,0.00,0.00,0.00,"150,000.00",0.00,0.00,0.00,"150,000.00","43,663,000.00",0.00,0.00,0.00,0.00,0.00,0.00,0.00,0.00,0.00,0.00,0.00,"45,013,000.00",0.00,0.00,0.00,0.00,0.00,0.00,0.00,0.00,"150,000.00",0.00,0.00,0.00,"150,000.00","45,163,000.00",2001,2.2,2.5,2,,,,,,,Levels of tertiary education not disaggreated,3.455416045,3.398880536,3.457032183,3.385558485,3.257622822,3.207989355,2.920552599
Nepal,Asia,"63,817,243,628.00",2.85E+07,"2,265.05",0.3,442.1,12,18,,,,,,,,Nepal Academy of Science and Technology (NAST),http://nast.gov.np/new/,,2013-2107,Inclusive and effective governance,Inclusive/sustainable economic growth to reduce extreme poverty,Increased human capital,,No significant,,"8,000,000.00","1,500,000.00",0.00,"5,000,000.00",0.00,0.00,0.00,0.00,"8,150,000.00",0.00,0.00,"3,000,000.00",0.00,0.00,0.00,0.00,"14,725,000.00","14,250,000.00",0.00,"6,800,000.00","9,890,000.00","11,086,000.00",0.00,0.00,"20,976,000.00","82,401,000.00","8,000,000.00",0.00,0.00,"10,000,000.00",0.00,0.00,0.00,0.00,"9,000,000.00",0.00,0.00,"3,000,000.00",0.00,0.00,0.00,0.00,"15,500,000.00","14,400,000.00","500,000.00","8,000,000.00","8,334,000.00","9,700,000.00",0.00,0.00,"18,034,000.00","86,434,000.00",,,,,,,,,,,,2.501863149,2.634049145,2.640538433,3.479501636,3.418955301,3.669591955,3.684297597
Nicaragua,Latin America,"28,218,118,772.00",6.08E+06,"4,692.14",,28.2,145,1,,,,,,,,Nicaraguan Academy of Sciences,http://www.cienciasdenicaragua.org/,Memorandum of understanding concerning scientific and technical cooperation in the earth and mapping sciences with annexes.,2013-2017,Citizens’ ability to engage in democratic governance increased,Safety and competitiveness of at-risk children and youth on the Southern Caribbean coast improved,,,"Policy, gender analysis",,0.00,"1,050,000.00",0.00,"4,000,000.00",0.00,0.00,0.00,0.00,0.00,0.00,0.00,0.00,0.00,0.00,0.00,0.00,0.00,0.00,0.00,0.00,0.00,"13,100,000.00",0.00,0.00,"13,100,000.00","18,150,000.00",0.00,"1,102,000.00",0.00,"3,000,000.00",0.00,0.00,0.00,0.00,0.00,0.00,0.00,0.00,0.00,0.00,0.00,0.00,0.00,0.00,0.00,0.00,"400,000.00","7,898,000.00",0.00,0.00,"8,298,000.00","12,400,000.00",,,,,,,,,,,,2.335697953,2.212754337,2.95320128,2.79037962,2.339516862,2.313165188,2.33439765
Nigeria,Africa,"1,000,870,000,000.00",1.82E+08,"5,639.45",0.22,3653.7,869,50,38.57563,,,,,,,Nigerian Academy of Science,http://www.nas.org.ng/,,2015-2019,Broadened and inclusive growth,"Healthier, more educated population in targeted states",Strengthened good governance,,"Health, agriculture",,"25,000,000.00","3,060,000.00",0.00,"15,000,000.00",0.00,0.00,0.00,0.00,0.00,0.00,0.00,"356,652,000.00","75,000,000.00","11,500,000.00",0.00,0.00,"48,000,000.00","37,000,000.00","2,156,000.00","2,000,000.00","5,130,000.00","27,000,000.00",0.00,0.00,"32,130,000.00","607,498,000.00","25,000,000.00",0.00,0.00,"15,000,000.00",0.00,0.00,0.00,0.00,0.00,0.00,0.00,"456,652,000.00","75,000,000.00","13,500,000.00",0.00,0.00,"48,000,000.00","34,500,000.00","12,000,000.00","2,500,000.00","1,300,000.00","10,400,000.00",0.00,0.00,"11,700,000.00","693,852,000.00",,,,,,,,,,,,2.522500597,2.822383488,2.751980335,3.576822077,2.52797361,2.652276438,2.55258271
Norway,Europe and Eurasia,"328,755,000,000.00",5.20E+06,"63,998.96",1.66,9853.6,457,1106,5575.54417,,,,,,,Norwegian Academy of Science and Letters,http://www.dnva.no/,,,,,,,,,0.00,0.00,0.00,0.00,0.00,0.00,0.00,0.00,0.00,0.00,0.00,0.00,0.00,0.00,0.00,0.00,0.00,0.00,0.00,0.00,0.00,0.00,0.00,0.00,0.00,0.00,0.00,0.00,0.00,0.00,0.00,0.00,0.00,0.00,0.00,0.00,0.00,0.00,0.00,0.00,0.00,0.00,0.00,0.00,0.00,0.00,0.00,0.00,0.00,0.00,0.00,0.00,2014,15.4,10.2,20.6,8.4,9.4,7.5,0.9,1.1,0.7,,5.395786662,4.67943713,5.018567132,5.02372947,5.269446352,5.290969214,4.878564041
Pakistan,Asia,"849,380,000,000.00",1.89E+08,"4,590.15",0.29151,7771.5,776,146,166.91627,,,,,,,Pakistan Academy of Sciences (PAS),http://www.paspk.org/,,-,"No active CDCS, but funding focused on democracy/governance",,,,,,"39,393,000.00","242,045,000.00","35,080,000.00","30,777,000.00",0.00,0.00,0.00,0.00,0.00,"14,473,000.00",0.00,0.00,0.00,0.00,0.00,0.00,"17,627,000.00","13,373,000.00",0.00,0.00,"355,409,000.00","55,623,000.00",0.00,0.00,"411,032,000.00","803,800,000.00","35,822,000.00","174,738,000.00","31,000,000.00","30,715,000.00",0.00,0.00,0.00,0.00,0.00,"2,225,000.00","3,337,000.00",0.00,0.00,0.00,0.00,0.00,"24,733,000.00","15,397,000.00","7,207,000.00",0.00,"410,825,000.00","51,801,000.00",0.00,0.00,"462,626,000.00","787,800,000.00",2013,6.3,8,4.5,1.2,1.7,0.7,0.5,0.9,0,,3.206324235,3.011994056,3.212221932,4.306645982,2.986852497,3.572394932,3.637994716
Paraguay,Latin America,"55,707,078,173.00",6.64E+06,"8,501.63",0.09,61,347,18,169.45799,,,,,,,,,,2013-2017,Internal management and governance systems strengthened in public institutions,Increased inclusive and sustainable economic dev for small-scale producers and vulnerable populations,,,,,0.00,"2,844,000.00",0.00,0.00,0.00,0.00,0.00,0.00,0.00,0.00,0.00,0.00,0.00,0.00,0.00,0.00,0.00,0.00,0.00,0.00,"460,000.00","6,156,000.00",0.00,0.00,"6,616,000.00","9,460,000.00",0.00,"1,825,000.00",0.00,0.00,0.00,0.00,0.00,0.00,0.00,0.00,0.00,0.00,0.00,0.00,0.00,0.00,0.00,0.00,0.00,0.00,"480,000.00","5,675,000.00",0.00,0.00,"6,155,000.00","7,980,000.00",2014,5.3,3.1,7.3,6.3,6.4,6.3,0.1,0.1,0.1,,2.187413336,2.427771477,2.697240633,2.558834966,2.016239807,2.052804844,2.12436736
Peru,Latin America,"354,262,000,000.00",3.14E+07,"11,437.71",,647.8,1204,83,,,,"CONCYTEC, National Council of Science, Technology, and Technological Innovation",,,,Academia Nacional de Ciencias del Perú,http://www.ancperu.org/,Memorandum of understanding concerning scientific and technical cooperation in the earth and mapping sciences with annexes.,2012-2016,Alternatives to illicit coca cultivation increased in targeted regions,Management and quality of public services improved in the Amazon Basin,Natural resources sustainably managed in the Amazon Basin and glacier highlands,,"Agribusiness, environment, forest carbon and biodiversity mapping",,0.00,0.00,0.00,"1,425,000.00",0.00,0.00,0.00,0.00,"14,500,000.00",0.00,0.00,0.00,0.00,0.00,0.00,0.00,0.00,0.00,0.00,0.00,"75,060,000.00","5,000,000.00",0.00,0.00,"80,060,000.00","95,985,000.00",0.00,0.00,0.00,"3,500,000.00",0.00,0.00,0.00,0.00,"16,000,000.00",0.00,0.00,0.00,0.00,0.00,0.00,0.00,0.00,0.00,0.00,0.00,"63,555,000.00","1,000,000.00",0.00,0.00,"64,555,000.00","84,055,000.00",2014,19.2,19.4,19.1,,,,1.9,2,1.8,Masters and Doctoral percentages are not disaggregated,2.912857558,2.704620935,3.098077843,3.239330309,2.236703815,2.493087128,2.238449089
Philippines,Asia,"659,129,000,000.00",1.01E+08,"6,648.55",0.11,915.8,3255,334,78.19885,,,,,,,National Academy of Science and Technology (NAST),http://www.nast.ph/,Memorandum of understanding concerning scientific and technical cooperation in the earth sciences.,2012-2016, Broad‐Based and Inclusive Growth Accelerated and Sustained, Peace and Stability in Conflict‐Affected Areas in Mindanao Improved, Environmental Resilience Improved,,", General STI ecosystem improvements",,0.00,"35,100,000.00","9,130,000.00","7,600,000.00",0.00,0.00,0.00,0.00,"23,000,000.00",0.00,0.00,0.00,0.00,"11,200,000.00",0.00,0.00,"2,000,000.00","18,000,000.00","3,500,000.00",0.00,"53,190,000.00","21,500,000.00",0.00,0.00,"74,690,000.00","184,220,000.00",0.00,"9,112,000.00","7,479,000.00","19,000,000.00",0.00,0.00,0.00,0.00,"28,500,000.00",0.00,0.00,0.00,0.00,"12,000,000.00",0.00,0.00,"2,000,000.00","18,000,000.00","4,578,000.00",0.00,"64,500,000.00","10,961,000.00",0.00,0.00,"75,461,000.00","176,130,000.00",2013,16.5,14.4,18.7,0.5,0.3,0.6,,,,Masters and Doctoral percentages are not disaggregated,3.726774921,3.750304041,3.794459438,4.00801384,4.11883419,4.470940151,4.131904621
Rwanda,Africa,"17,967,332,222.00",1.16E+07,"1,584.21",,91.1,7,5,12.28977,,,,,,,,,,2015-2019,Economic Opportunities Increased and Sustained,Improved Conditions for Durable Peace and Development through Strengthened Democratic Processes,Health and Nutritional Status of Rwandans Improved,Increased Opportunities for Rwandan Children and Youth to Succeed in Schooling and the Modern Workplace,"Agriculture, partnerships, generally increase research ecosystem",,"28,000,000.00",0.00,"1,000,000.00","6,000,000.00",0.00,0.00,0.00,0.00,"2,000,000.00",0.00,0.00,"73,559,000.00","18,000,000.00",0.00,0.00,0.00,"10,000,000.00","13,000,000.00",0.00,"3,000,000.00","450,000.00","5,926,000.00",0.00,0.00,"6,376,000.00","160,935,000.00","28,000,000.00",0.00,0.00,"18,700,000.00",0.00,0.00,0.00,0.00,"2,000,000.00",0.00,0.00,"78,559,000.00","18,000,000.00",0.00,0.00,0.00,"10,000,000.00","13,000,000.00","4,000,000.00","3,000,000.00","450,000.00","2,000,000.00",0.00,0.00,"2,450,000.00","177,709,000.00",2012,1.8,2.4,1.3,0.2,0.3,0.1,-,0.1,-,- : Magnitude nil or negligible,3.757752927,3.252073201,3.651933,3.970448022,4.087317568,4.158896438,4.30161993
Senegal,Africa,"32,658,668,505.00",1.51E+07,"2,225.83",0.54,295.8,,,361.12337,,,,,,,Académie des Sciences et Techniques du Sénégal,http://www.ansts.sn/,,2012-2016,increased inclusive economic growth,Improved health status of the population,Citizen participation in mgmt of public affairs at national and local levels,,"Increase capacity, agriculture",,"32,000,000.00",0.00,0.00,"5,421,000.00",0.00,0.00,0.00,0.00,"2,000,000.00",0.00,0.00,"4,535,000.00","22,000,000.00",0.00,0.00,0.00,"8,500,000.00","16,000,000.00","792,000.00","4,500,000.00","1,500,000.00","5,003,000.00",0.00,0.00,"6,503,000.00","102,251,000.00","27,000,000.00",0.00,0.00,"19,000,000.00",0.00,0.00,0.00,0.00,"4,000,000.00",0.00,0.00,"4,535,000.00","24,000,000.00",0.00,0.00,0.00,"8,500,000.00","15,000,000.00","7,053,000.00","4,500,000.00","1,550,000.00","1,000,000.00",0.00,0.00,"2,550,000.00","116,138,000.00",2013,1.2,1.6,0.8,1.5,2.2,0.9,0.4,0.7,0.2,,4.263869276,3.568819872,3.637421952,3.952046924,3.568299951,3.754853826,3.865483467
Serbia,Europe and Eurasia,"90,663,829,065.00",7.10E+06,"12,716.96",0.72684,5169.1,10,202,1380.90685,,,"Ministry of Education, Science and Technological Development",https://www.zsi.at/en/object/partner/1621,,,Serbian Academy of Sciences and Arts,http://www.sanu.ac.rs/,,2013-2017,Accountability of Key Democratic Institutions Strengthened,"Conditions for Broad-based, Inclusive Economic Growth Improved",,,"Economic, legal",,0.00,"4,000,000.00",0.00,0.00,0.00,0.00,0.00,0.00,0.00,0.00,0.00,0.00,0.00,0.00,0.00,0.00,0.00,0.00,0.00,0.00,"6,065,000.00","8,375,000.00",0.00,0.00,"14,440,000.00","18,440,000.00",0.00,"1,420,000.00",0.00,0.00,0.00,0.00,0.00,0.00,0.00,0.00,0.00,0.00,0.00,0.00,0.00,0.00,0.00,0.00,0.00,0.00,"5,860,000.00","7,180,000.00",0.00,0.00,"13,040,000.00","14,460,000.00",2014,11.2,11.1,11.2,1.1,1,1.1,0.4,0.6,0.3,,3.763182262,2.440249875,3.240822179,3.808307848,3.73791987,3.056850302,4.425666585
Sierra Leone,Africa,"11,846,356,386.00",6.45E+06,"1,875.72",,15,,,,,,,,,,,,,-,,,,,,,"6,000,000.00",0.00,0.00,0.00,0.00,0.00,0.00,0.00,0.00,0.00,0.00,"500,000.00",0.00,0.00,0.00,0.00,0.00,0.00,0.00,0.00,"310,000.00",0.00,0.00,0.00,"310,000.00","6,810,000.00","9,000,000.00",0.00,0.00,0.00,0.00,0.00,0.00,0.00,0.00,0.00,0.00,"500,000.00",0.00,0.00,0.00,0.00,0.00,0.00,"1,000,000.00","1,000,000.00","310,000.00",0.00,0.00,0.00,"310,000.00","11,810,000.00",,,,,,,,,,,,2.202864569,2.315205602,2.398645577,2.960348872,2.836909633,2.838625178,2.605087682
South Africa,Africa,"672,286,000,000.00",5.48E+07,"12,449.30",0.73,9679.1,6750,802,404.6859,,,,,,,Academy of Science of South Africa (ASSAf),http://www.assaf.org.za/,,2013-2017,"Framework agreement concerning cooperation in the scientific, technological and environmental fields, with annex.",,,,,,"1,000,000.00","3,000,000.00","950,000.00","3,000,000.00",0.00,0.00,0.00,0.00,"5,000,000.00",0.00,0.00,"346,550,000.00",0.00,"9,500,000.00",0.00,0.00,0.00,0.00,0.00,0.00,"2,400,000.00","2,800,000.00",0.00,0.00,"5,200,000.00","374,200,000.00","1,000,000.00",0.00,0.00,"8,650,000.00",0.00,0.00,0.00,0.00,"3,000,000.00",0.00,0.00,"409,550,000.00",0.00,"12,000,000.00",0.00,0.00,0.00,0.00,0.00,0.00,"2,400,000.00",0.00,0.00,0.00,"2,400,000.00","436,600,000.00",2014,6.2,6.5,6,0.7,0.9,0.6,,,,Masters and Doctoral percentages are not disaggregated,4.672479714,3.845522655,4.486681456,3.399498353,2.544360893,2.248946424,1.969974362
Sri Lanka,Asia,"220,160,000,000.00",2.09E+07,"10,599.37",0.16,713.1,188,328,105.93371,,,"Ministry of Science, Technology and Research",http://www.motr.gov.lk/web/,National Science Foundation of Sri Lanka,http://www.nsf.ac.lk/,National Academy of Sciences of Sri Lanka,http://www.nassl.org/,,2011-2013,Strengthened Partnership between the State and its Citizens to Establish a Foundation for Reconciliation,Increased and More Equitable Economic Growth in Conflict Affected Areas,,,,,0.00,0.00,0.00,0.00,0.00,0.00,0.00,0.00,0.00,0.00,0.00,0.00,0.00,0.00,0.00,0.00,0.00,0.00,0.00,0.00,"3,380,000.00","417,000.00",0.00,0.00,"3,797,000.00","3,797,000.00",0.00,0.00,0.00,0.00,0.00,0.00,0.00,0.00,0.00,0.00,0.00,0.00,0.00,0.00,0.00,0.00,0.00,0.00,0.00,0.00,"3,380,000.00","500,000.00",0.00,0.00,"3,880,000.00","3,880,000.00",2009,14.1,13.3,14.8,,,,,,,Levels of tertiary education not disaggreated,4.274936377,3.457185914,3.076866853,5.020457573,4.952971904,4.653522549,4.841726204
Tajikistan,Asia,"21,295,734,215.00",8.48E+06,"2,567.04",0.1177,70.8,2,2,,,,,,,,Academy of Sciences of the Republic of Tajikistan,http://www.anrt.tj/index.php/en/,,-,,,,,,,"5,000,000.00","9,316,000.00","180,000.00","3,610,000.00",0.00,0.00,0.00,0.00,0.00,0.00,0.00,0.00,0.00,"3,500,000.00",0.00,0.00,"1,000,000.00",0.00,0.00,"1,000,000.00","7,720,000.00","5,330,000.00",0.00,0.00,"13,050,000.00","36,656,000.00","5,000,000.00","2,320,000.00",0.00,"3,800,000.00",0.00,0.00,0.00,0.00,0.00,0.00,0.00,0.00,0.00,"4,000,000.00",0.00,0.00,"2,000,000.00",0.00,0.00,"1,000,000.00","7,615,000.00","3,210,000.00",0.00,0.00,"10,825,000.00","28,945,000.00",,,,,,,,,,,,3.678601718,3.035225745,3.273684263,3.991418582,4.043278489,3.917784316,4.021606768
Tanzania,Africa,"121,820,000,000.00",5.35E+07,"2,421.21",0.38,378.9,,,35.04166,,,,,,,Tanzania Academy of Sciences (TAAS),http://www.taas.or.tz/,,2014-2019,Women and Youth Empowered,Inclusive Broad-Based Economic Growth Sustained,Effective Democratic Governance Improved,,"Increase science education in women, agriculture",,"62,000,000.00","10,000,000.00",0.00,"7,000,000.00",0.00,0.00,0.00,0.00,"8,000,000.00",0.00,0.00,"393,581,000.00","46,000,000.00","4,000,000.00",0.00,0.00,"13,135,000.00","28,000,000.00","2,992,000.00","7,200,000.00","700,000.00","7,944,000.00",0.00,0.00,"8,644,000.00","590,552,000.00","70,000,000.00","5,000,000.00",0.00,"20,000,000.00",0.00,0.00,0.00,0.00,"13,000,000.00",0.00,0.00,"422,381,000.00","46,000,000.00","5,000,000.00",0.00,0.00,"13,135,000.00","26,400,000.00","9,500,000.00","7,800,000.00","2,650,000.00","3,000,000.00",0.00,0.00,"5,650,000.00","643,866,000.00",2012,1.9,2.6,1.3,,,,,,,Levels of tertiary education not disaggreated,3.472373641,2.871052551,3.368033668,3.636441863,2.753723347,3.188269866,2.591532302
Thailand,Asia,"1,016,680,000,000.00",6.80E+07,"15,011.61",0.39,8630.8,6924,1006,543.47373,,,,,,,Thai Academy of Science and Technology Foundation (TAST),https://www.facebook.com/TAST.TH,Agreement modifying and continuing the agreements of December 23 1960 and April 1 and 25 1963 relating to the SEATO medical research project and the SEATO clinical research centre.,-,Regional institutions' ability to promote sustainable and inclusive growth,Vulnerable Populations more able to address risks that transcend borders,,,General increase?,,0.00,0.00,0.00,0.00,0.00,0.00,0.00,0.00,0.00,0.00,0.00,0.00,0.00,0.00,0.00,0.00,0.00,0.00,0.00,0.00,"5,705,000.00","4,715,000.00",0.00,0.00,"10,420,000.00","10,420,000.00",0.00,0.00,0.00,0.00,0.00,0.00,0.00,0.00,0.00,0.00,0.00,0.00,0.00,0.00,0.00,0.00,0.00,0.00,0.00,0.00,"3,270,000.00","2,950,000.00",0.00,0.00,"6,220,000.00","6,220,000.00",2013,11.3,10.3,12.2,1.8,1.6,1.9,,,,Masters and Doctoral percentages are not disaggregated,4.00492921,3.519880048,3.954033092,4.263080268,3.529976332,3.582592472,3.93970934
Tunisia,Middle East,"119,971,000,000.00",1.11E+07,"10,909.84",0.68,4206.8,400,142,1393.10478,,,,,,,,,Agreement establishing principles for cooperation between American institutions conducting basic scientific research in Tunisia under Smithsonian Institution sponsorship and appropriate Tunisian institutions organizations or governmental agencies.,-,,,,,,,0.00,"36,800,000.00",0.00,0.00,0.00,0.00,0.00,0.00,0.00,0.00,0.00,0.00,0.00,0.00,0.00,0.00,0.00,0.00,0.00,0.00,"76,400,000.00","21,200,000.00",0.00,0.00,"97,600,000.00","134,400,000.00",0.00,"20,000,000.00",0.00,0.00,0.00,0.00,0.00,0.00,0.00,0.00,0.00,0.00,0.00,0.00,0.00,0.00,0.00,0.00,0.00,0.00,"40,880,000.00","500,000.00",0.00,0.00,"41,380,000.00","61,380,000.00",2012,12.3,13.9,10.8,,,,,,,Levels of tertiary education not disaggregated,2.992209478,2.76750696,2.920837456,4.258016507,3.647905554,3.346829698,4.371555012
Turkmenistan,Asia,"78,345,457,482.00",5.37E+06,"14,762.14",,6.9,,,,,,,,,,,,,-,,,,,,,0.00,"1,976,000.00","705,000.00",0.00,0.00,0.00,0.00,0.00,0.00,0.00,0.00,0.00,0.00,0.00,0.00,0.00,0.00,0.00,0.00,0.00,"825,000.00","1,309,000.00",0.00,0.00,"2,134,000.00","4,815,000.00",0.00,"1,399,000.00","563,000.00",0.00,0.00,0.00,0.00,0.00,0.00,0.00,0.00,0.00,0.00,0.00,0.00,0.00,0.00,0.00,0.00,0.00,"810,000.00","598,000.00",0.00,0.00,"1,408,000.00","3,370,000.00",1995,12.7,15.9,9.6,,,,,,,Levels of tertiary education not disaggregated,,,,,,,
Uganda,Africa,"63,831,935,155.00",3.90E+07,"1,689.44",0.48,473.9,3,5,38.09117,,,,,,,Uganda National Academy of Sciences (UNAS),http://ugandanationalacademy.org/,,2011-2015,"Economic growth from agriculture, expand natural resource base",Strengthen democracy and governance,Improve health and nutrition in focus areas/groups,,Agriculture,,"30,000,000.00",0.00,0.00,"8,500,000.00",0.00,0.00,0.00,0.00,"6,775,000.00",0.00,0.00,"320,176,000.00","34,000,000.00","5,000,000.00",0.00,0.00,"13,000,000.00","29,000,000.00",0.00,"17,200,000.00","3,420,000.00","2,000,000.00",0.00,0.00,"5,420,000.00","469,071,000.00","30,000,000.00",0.00,"650,000.00","12,200,000.00",0.00,0.00,0.00,0.00,"7,500,000.00",0.00,0.00,"350,176,000.00","34,000,000.00","5,000,000.00",0.00,0.00,"16,000,000.00","27,500,000.00","6,000,000.00","18,000,000.00","750,000.00","1,000,000.00",0.00,0.00,"1,750,000.00","508,776,000.00",2012,1.7,2.3,1.1,,,,,,,Levels of tertiary education not disaggregated,3.509252804,2.842175065,3.681286186,3.68026836,2.958801516,3.491907765,3.167063135
United States,North America,"16,618,100,000,000.00",3.21E+08,"52,117.75",2.81,412541.5,293706,285096,4018.63453,,,,,,,US National Academy of Sciences (NAS),http://www.nasonline.org/,,,,,,,,,0.00,0.00,0.00,0.00,0.00,0.00,0.00,0.00,0.00,0.00,0.00,0.00,0.00,0.00,0.00,0.00,0.00,0.00,0.00,0.00,0.00,0.00,0.00,0.00,0.00,0.00,0.00,0.00,0.00,0.00,0.00,0.00,0.00,0.00,0.00,0.00,0.00,0.00,0.00,0.00,0.00,0.00,0.00,0.00,0.00,0.00,0.00,0.00,0.00,0.00,0.00,0.00,2014,20.2,20,20.4,10,9.6,10.4,1.8,2.3,1.3,,6.098042084,5.585453129,5.849698082,5.417259387,4.86033242,4.855179164,4.506797758
Uzbekistan,Asia,"163,535,000,000.00",3.12E+07,"5,316.87",,346.6,223,345,533.7307,,,,,,,Uzbekistan Academy of Sciences (UzAS),http://www.academy.uz/en/index.php,Scientific cooperation,-,,,,,,,0.00,"2,849,000.00",0.00,0.00,0.00,0.00,0.00,0.00,0.00,0.00,0.00,0.00,0.00,"3,000,000.00",0.00,0.00,0.00,0.00,0.00,0.00,"1,525,000.00","2,403,000.00",0.00,0.00,"3,928,000.00","9,777,000.00",0.00,"2,254,000.00",0.00,0.00,0.00,0.00,0.00,0.00,0.00,0.00,0.00,0.00,0.00,"4,000,000.00",0.00,0.00,0.00,0.00,0.00,0.00,"2,375,000.00","1,992,000.00",0.00,0.00,"4,367,000.00","10,621,000.00",2013,15.4,17.9,13.1,,,,,,,Levels of tertiary education not disaggregated,,,,,,,
Vietnam,Asia,"487,233,000,000.00",9.17E+07,"5,370.21",0.19,1848.4,3960,487,,,,,,,,,,Agreement on science and technology cooperation with annexes.,2014-2018,"GOVERNANCE ENHANCED TO FACILITATE BROADER-BASED, SUSTAINABLE GROWTH",CAPACITY STRENGTHENED TO PROTECT AND IMPROVE HEALTH AND WELL-BEING,,,Legislative/Policy,,0.00,"8,000,000.00","1,500,000.00",0.00,0.00,0.00,0.00,"4,750,000.00","25,000,000.00",0.00,0.00,"53,142,000.00",0.00,0.00,0.00,0.00,0.00,0.00,0.00,0.00,"22,755,000.00","10,665,000.00",0.00,0.00,"33,420,000.00","125,812,000.00",0.00,"2,700,000.00","1,500,000.00",0.00,0.00,0.00,0.00,"3,000,000.00","28,750,000.00",0.00,0.00,"55,142,000.00",0.00,0.00,0.00,0.00,0.00,0.00,0.00,0.00,"16,855,000.00","3,965,000.00",0.00,0.00,"20,820,000.00","111,912,000.00",2009,6.7,7.6,5.9,,,,,,,Levels of tertiary education not disaggregated,3.337434009,3.34331144,3.27048357,3.919624581,3.714761399,3.528709794,4.156654705
Zambia,Africa,"58,554,559,632.00",1.62E+07,"3,724.53",0.28,117.3,25,14,40.87055,,,,,,,,,Memorandum of understanding concerning scientific and technical cooperation in the earth sciences with annexes.,2011-2015,Enabling governance,Reduce rural poverty,Improve human capital,,Agriculture,,"12,000,000.00",0.00,0.00,"2,500,000.00",0.00,0.00,0.00,0.00,"4,000,000.00",0.00,0.00,"334,732,000.00","24,000,000.00","4,000,000.00",0.00,0.00,"12,275,000.00","13,000,000.00","1,433,000.00","3,600,000.00","350,000.00","4,000,000.00",0.00,0.00,"4,350,000.00","415,890,000.00","10,000,000.00",0.00,0.00,"19,000,000.00",0.00,0.00,0.00,0.00,"8,000,000.00",0.00,0.00,"323,282,000.00","24,000,000.00","4,500,000.00",0.00,0.00,"13,300,000.00","13,000,000.00","6,000,000.00","4,000,000.00","350,000.00","1,000,000.00",0.00,0.00,"1,350,000.00","426,432,000.00",2010,14.5,17.5,11.3,,,,,,,Levels of tertiary education not disaggregated,3.504658687,3.236353394,3.481477825,4.419540566,3.396863985,4.337879971,3.874739762
,,x,x,x,x,x,x,x,x,,,,,,,x,x,,,,,,,,,,,,,,,,,,,,,,,,,,,,,,,,,,,,,,,,,,,,,,,,,,,,,,,,,,,,,,,,,,,,,,,,,,,,,,
